Steps,Policy/Entropy,Policy/Extrinsic Value Estimate,Environment/Episode Length,Environment/Cumulative Reward,Policy/Extrinsic Reward,Is Training
10000,1.6093727,0.14200799,499.0,-1.000000074505806,-1.000000074505806,1.0
20000,1.6093673,0.15626389,499.0,-1.000000074505806,-1.000000074505806,1.0
30000,1.6036153,0.09911397,499.0,-1.000000074505806,-1.000000074505806,1.0
40000,1.6021671,0.0955388,499.0,-1.000000074505806,-1.000000074505806,1.0
50000,1.59019,0.052607827,496.9375,-1.0018824268789852,-1.0018824268789852,1.0
60000,1.5817503,0.029546607,499.0,-1.000000074505806,-1.000000074505806,1.0
70000,1.5805901,0.013816702,499.0,-1.000000074505806,-1.000000074505806,1.0
80000,1.5822158,-0.009813775,499.0,-1.000000074505806,-1.000000074505806,1.0
90000,1.5818243,-0.014168333,499.0,-1.000000074505806,-1.000000074505806,1.0
100000,1.5883865,-0.022357095,499.0,-1.000000074505806,-1.000000074505806,1.0
110000,1.5910265,-0.022069415,499.0,-1.000000074505806,-1.000000074505806,1.0
120000,1.5808814,-0.029254843,499.0,-1.000000074505806,-1.000000074505806,1.0
130000,1.58285,-0.029616186,499.0,-1.000000074505806,-1.000000074505806,1.0
140000,1.5777801,-0.033359326,499.0,-1.000000074505806,-1.000000074505806,1.0
150000,1.5794408,-0.034838248,499.0,-1.000000074505806,-1.000000074505806,1.0
160000,1.5709244,-0.035478935,499.0,-1.000000074505806,-1.000000074505806,1.0
170000,1.5665622,-0.037151624,499.0,-1.000000074505806,-1.000000074505806,1.0
180000,1.5581713,-0.037937485,499.0,-1.000000074505806,-1.000000074505806,1.0
190000,1.5431094,-0.038760353,499.0,-1.000000074505806,-1.000000074505806,1.0
200000,1.5248638,-0.03905446,499.0,-1.000000074505806,-1.000000074505806,1.0
210000,1.4988124,-0.039902177,485.875,-0.9798750719055533,-0.9798750719055533,1.0
220000,1.4914067,-0.039851688,499.0,-0.999916740693152,-0.999916740693152,1.0
230000,1.4665514,-0.03997442,499.0,-0.9998432108584572,-0.9998432108584572,1.0
240000,1.4650939,-0.04046624,499.0,-0.9999570635057264,-0.9999570635057264,1.0
250000,1.4523063,-0.039940715,499.0,-0.999916740693152,-0.999916740693152,1.0
260000,1.4503549,-0.04003405,499.0,-0.999916740693152,-0.999916740693152,1.0
270000,1.4458447,-0.03965439,499.0,-0.9998432108584572,-0.9998432108584572,1.0
280000,1.4526514,-0.039644215,499.0,-0.9999570635057264,-0.9999570635057264,1.0
290000,1.4545842,-0.039750896,499.0,-0.999916740693152,-0.999916740693152,1.0
300000,1.448939,-0.039519623,499.0,-0.999916740693152,-0.999916740693152,1.0
310000,1.4363259,-0.03906003,499.0,-0.9998432108584572,-0.9998432108584572,1.0
320000,1.4192365,-0.039754014,499.0,-0.9999570635057264,-0.9999570635057264,1.0
330000,1.421718,-0.039881907,499.0,-0.999916740693152,-0.999916740693152,1.0
340000,1.397702,-0.03972608,499.0,-0.999916740693152,-0.999916740693152,1.0
350000,1.3938152,-0.039593887,499.0,-0.9998432108584572,-0.9998432108584572,1.0
360000,1.3928403,-0.039561123,498.3225806451613,-1.0017635154147302,-1.0017635154147302,1.0
370000,1.3977062,-0.039528713,499.0,-0.9998750733211637,-0.9998750733211637,1.0
380000,1.412169,-0.039764695,499.0,-0.9998750733211637,-0.9998750733211637,1.0
390000,1.4059335,-0.04015299,499.0,-0.9998039945083506,-0.9998039945083506,1.0
400000,1.4192694,-0.040242434,499.0,-0.9999140520249644,-0.9999140520249644,1.0
410000,1.4339145,-0.04071073,499.0,-0.9998750733211637,-0.9998750733211637,1.0
420000,1.4600495,-0.040626563,499.0,-0.9998750733211637,-0.9998750733211637,1.0
430000,1.4316067,-0.04030458,499.0,-0.9998039945083506,-0.9998039945083506,1.0
440000,1.4421928,-0.04032018,499.0,-0.9999140520249644,-0.9999140520249644,1.0
450000,1.4588662,-0.04030914,499.0,-0.9998750733211637,-0.9998750733211637,1.0
460000,1.46186,-0.040403105,494.1764705882353,-0.9960000716588077,-0.9960000716588077,1.0
470000,1.4312024,-0.040730752,499.0,-0.9998750733211637,-0.9998750733211637,1.0
480000,1.4264928,-0.04062895,495.5806451612903,-0.9607312549506465,-0.9607312549506465,1.0
490000,1.4620728,-0.03842615,499.0,-0.9998334059491754,-0.9998334059491754,1.0
500000,1.467824,-0.037878163,476.05882352941177,-0.9673333995872073,-0.9673333995872073,1.0
510000,1.4873321,-0.03810064,485.6,-0.9276667341589928,-0.9276667341589928,1.0
520000,1.503498,-0.03826691,494.53846153846155,-0.9946154562326578,-0.9946154562326578,1.0
530000,1.4986966,-0.03874263,487.3333333333333,-0.9816852543089125,-0.9816852543089125,1.0
540000,1.4968088,-0.038657688,494.7647058823529,-0.9968039901817546,-0.9968039901817546,1.0
550000,1.4943873,-0.038342908,472.95454545454544,-0.8652879439971664,-0.8652879439971664,1.0
560000,1.5096295,-0.037957277,487.9583333333333,-0.9899028477569422,-0.9899028477569422,1.0
570000,1.4987608,-0.038407005,482.1578947368421,-0.9137222891052564,-0.9137222891052564,1.0
580000,1.4918736,-0.037620235,467.8421052631579,-0.8499500669538975,-0.8499500669538975,1.0
590000,1.4717695,-0.03762085,437.7083333333333,-0.6723056125144163,-0.6723056125144163,1.0
600000,1.4374847,-0.035006266,486.82608695652175,-0.9922174597563951,-0.9922174597563951,1.0
610000,1.4355054,-0.035478786,432.1904761904762,-0.6889206979955945,-0.6889206979955945,1.0
620000,1.4281944,-0.03671195,446.0869565217391,-0.7653333964672956,-0.7653333964672956,1.0
630000,1.4164222,-0.034720145,425.8,-0.7194359577619113,-0.7194359577619113,1.0
640000,1.3810773,-0.031942695,434.59090909090907,-0.8518030907620083,-0.8518030907620083,1.0
650000,1.3737942,-0.03233071,429.40909090909093,-0.6914546063000505,-0.6914546063000505,1.0
660000,1.3416393,-0.036000405,432.4782608695652,-0.7526377407105073,-0.7526377407105073,1.0
670000,1.3441131,-0.03609126,414.68,-0.6460267263650894,-0.6460267263650894,1.0
680000,1.3305779,-0.038565,412.4,-0.7256933933496476,-0.7256933933496476,1.0
690000,1.3235005,-0.037218403,424.82608695652175,-0.6755152070386843,-0.6755152070386843,1.0
700000,1.3108778,-0.040110003,410.32,-0.5779744137365085,-0.5779744137365085,1.0
710000,1.2957022,-0.040603157,426.45454545454544,-0.589863692494956,-0.589863692494956,1.0
720000,1.2480108,-0.035270683,432.04761904761904,-0.7410318078029723,-0.7410318078029723,1.0
730000,1.243086,-0.032901008,377.51612903225805,-0.44918284637312733,-0.44918284637312733,1.0
740000,1.1836329,-0.02741803,382.4166666666667,-0.4029028279085954,-0.4029028279085954,1.0
750000,1.1967102,-0.023799064,356.48275862068965,-0.6611190970454898,-0.6611190970454898,1.0
760000,1.2166657,-0.030087752,454.23809523809524,-0.7034394551407207,-0.7034394551407207,1.0
770000,1.2188623,-0.026223041,380.2857142857143,-0.6410988166376397,-0.6410988166376397,1.0
780000,1.1581659,-0.03143645,340.2962962962963,-0.4317500522094114,-0.4317500522094114,1.0
790000,1.1665405,-0.030113794,312.55263157894734,-0.19434238064127998,-0.19434238064127998,1.0
800000,1.1059043,-0.025815211,372.2173913043478,-0.5087639354169369,-0.5087639354169369,1.0
810000,1.103294,-0.026583029,336.64516129032256,-0.4106111610929171,-0.4106111610929171,1.0
820000,1.1219343,-0.009970333,313.83870967741933,-0.2833118731937101,-0.2833118731937101,1.0
830000,1.1178262,-0.003003137,337.55172413793105,-0.3679667169849078,-0.3679667169849078,1.0
840000,1.1215639,-0.009581607,349.37931034482756,-0.3852988928556442,-0.3852988928556442,1.0
850000,1.1255925,-0.011716614,326.03225806451616,-0.34291116073727607,-0.34291116073727607,1.0
860000,1.0910685,-0.013957302,332.14814814814815,-0.27350621339347625,-0.27350621339347625,1.0
870000,1.0825514,-0.019962268,355.90625,-0.2420101508949742,-0.2420101508949742,1.0
880000,1.0537708,-0.01130708,331.5925925925926,-0.1671111500925488,-0.1671111500925488,1.0
890000,1.0267566,-0.009407977,332.8529411764706,-0.44244122373707157,-0.44244122373707157,1.0
900000,1.0096533,-0.014991534,294.09375,-0.21653129113838077,-0.21653129113838077,1.0
910000,0.99396443,-0.009870925,299.5151515151515,-0.2144242816350677,-0.2144242816350677,1.0
920000,0.9818994,-0.012100063,306.15625,-0.4063854576088488,-0.4063854576088488,1.0
930000,0.9628452,-0.0056409608,282.9428571428571,-0.16100003570318222,-0.16100003570318222,1.0
940000,0.9629154,-0.0051638354,302.93939393939394,-0.2799697360306075,-0.2799697360306075,1.0
950000,0.94435024,-0.007929408,234.78571428571428,0.07836431455473568,0.07836431455473568,1.0
960000,0.94163245,-0.012305938,326.75,-0.4507396249100566,-0.4507396249100566,1.0
970000,0.9074712,-0.014283041,263.43243243243245,-0.12129633087250921,-0.12129633087250921,1.0
980000,0.9227936,-0.010080458,270.60526315789474,-0.20270943909119338,-0.20270943909119338,1.0
990000,0.89775854,-0.017587898,298.61764705882354,-0.2513636815728563,-0.2513636815728563,1.0
1000000,0.890911,-0.00451073,264.35897435897436,-0.1499060163131127,-0.1499060163131127,1.0
1010000,0.9127876,-0.004258427,262.55555555555554,-0.11909012617291631,-0.11909012617291631,1.0
1020000,0.8932314,-0.005167036,237.82051282051282,-0.05373687806882357,-0.05373687806882357,1.0
1030000,0.8674041,-0.008661533,297.0,-0.21612125567414545,-0.21612125567414545,1.0
1040000,0.8879746,-0.006028999,284.8205128205128,-0.10795836970210075,-0.10795836970210075,1.0
1050000,0.8481923,0.0097582685,239.65,-0.058290629814832635,-0.058290629814832635,1.0
1060000,0.87527865,0.0009713107,272.8484848484849,-0.023960816509583416,-0.023960816509583416,1.0
1070000,0.8522688,-0.008746479,302.09090909090907,-0.3105656956181382,-0.3105656956181382,1.0
1080000,0.84412575,-0.000725422,314.45714285714286,-0.2978000427995409,-0.2978000427995409,1.0
1090000,0.8638167,-0.016219327,285.1621621621622,-0.17603607234117147,-0.17603607234117147,1.0
1100000,0.83232504,-0.0073416806,237.88571428571427,0.009009779814411612,0.009009779814411612,1.0
1110000,0.82290596,0.0007578221,270.9268292682927,-0.04883724693642106,-0.04883724693642106,1.0
1120000,0.7876935,-0.0025988948,215.375,-0.08047829066281734,-0.08047829066281734,1.0
1130000,0.8259857,0.004212533,236.1315789473684,-0.0509572928914657,-0.0509572928914657,1.0
1140000,0.8022063,0.011910128,230.44444444444446,0.020021709411040596,0.020021709411040596,1.0
1150000,0.7467848,0.01004661,232.97619047619048,-0.03744447905392874,-0.03744447905392874,1.0
1160000,0.76522183,0.002742338,234.02439024390245,-0.06623336635529994,-0.06623336635529994,1.0
1170000,0.69174176,0.019483805,280.69444444444446,-0.28278381760055954,-0.28278381760055954,1.0
1180000,0.7117795,0.012229107,220.52083333333334,-0.14114586729556322,-0.14114586729556322,1.0
1190000,0.74782884,0.017295446,235.33333333333334,-0.13190744010110697,-0.13190744010110697,1.0
1200000,0.7592203,0.020350631,265.0652173913044,-0.0871555937661065,-0.0871555937661065,1.0
1210000,0.78892684,0.0120857125,188.61363636363637,0.11613331122530832,0.11613331122530832,1.0
1220000,0.7615742,0.016119575,228.84782608695653,-0.06008151090807385,-0.06008151090807385,1.0
1230000,0.7087524,0.01808745,235.55,0.08279671937954135,0.08279671937954135,1.0
1240000,0.73341703,0.012375103,224.90697674418604,-0.1801938282888989,-0.1801938282888989,1.0
1250000,0.7353334,0.02633123,228.39583333333334,-0.01936114113777876,-0.01936114113777876,1.0
1260000,0.7124268,0.02596721,212.0212765957447,0.11634039704469924,0.11634039704469924,1.0
1270000,0.72280854,0.014189152,240.9268292682927,-0.14536588275577964,-0.14536588275577964,1.0
1280000,0.7098519,0.014263203,208.44897959183675,0.05236731895378658,0.05236731895378658,1.0
1290000,0.64497274,0.009093538,214.51162790697674,-0.06165894016970035,-0.06165894016970035,1.0
1300000,0.70504475,0.01747122,208.2826086956522,-0.055768145005340164,-0.055768145005340164,1.0
1310000,0.70332813,-0.00298081,237.37777777777777,-0.15041484816206827,-0.15041484816206827,1.0
1320000,0.6976357,-0.0023752681,206.61904761904762,-0.03474606041397367,-0.03474606041397367,1.0
1330000,0.6469763,0.0016728294,256.95348837209303,-0.0697222538292408,-0.0697222538292408,1.0
1340000,0.70894927,0.011572865,216.96,-0.044613366723060606,-0.044613366723060606,1.0
1350000,0.6899258,0.010253888,211.31914893617022,-0.16592201622242622,-0.16592201622242622,1.0
1360000,0.69496375,0.0020659643,198.53191489361703,-0.026784752029925585,-0.026784752029925585,1.0
1370000,0.7111641,0.012757233,186.40740740740742,0.10122837209039265,0.10122837209039265,1.0
1380000,0.6346667,0.009112024,218.17777777777778,-0.05059093626385385,-0.05059093626385385,1.0
1390000,0.6671704,0.010807527,216.7659574468085,-0.031243082601577044,-0.031243082601577044,1.0
1400000,0.6773226,0.015255305,200.9795918367347,0.04347055931301678,0.04347055931301678,1.0
1410000,0.67495406,0.026946157,186.16,0.03763330668210983,0.03763330668210983,1.0
1420000,0.67524827,0.028570544,219.89361702127658,0.1783124712916712,0.1783124712916712,1.0
1430000,0.6523878,0.018290054,196.66666666666666,0.09869278514502096,0.09869278514502096,1.0
1440000,0.58190817,0.02376606,189.2549019607843,0.09196729505178976,0.09196729505178976,1.0
1450000,0.5948894,0.024295138,216.68085106382978,-0.1508261166189028,-0.1508261166189028,1.0
1460000,0.62308955,0.030000126,189.9245283018868,0.061734543906317815,0.061734543906317815,1.0
1470000,0.5820801,0.024150804,200.06666666666666,0.12410368008746041,0.12410368008746041,1.0
1480000,0.5611593,0.022400819,203.46153846153845,-0.04938464024319099,-0.04938464024319099,1.0
1490000,0.46746147,0.01893761,250.05263157894737,-0.20553512047780187,-0.20553512047780187,1.0
1500000,0.52850556,0.024187487,224.72340425531914,-0.21407973993083704,-0.21407973993083704,1.0
1510000,0.593618,0.029018795,200.76785714285714,0.04254419356584549,0.04254419356584549,1.0
1520000,0.5154676,0.019226246,197.525,0.0299721946939826,0.0299721946939826,1.0
1530000,0.53251016,0.013645858,191.1346153846154,-0.03828760338764565,-0.03828760338764565,1.0
1540000,0.48581004,0.0021680247,231.08510638297872,-0.1763194779244562,-0.1763194779244562,1.0
1550000,0.48870736,0.006677749,191.47169811320754,0.007465378152874281,0.007465378152874281,1.0
1560000,0.533899,0.010229921,160.0,0.0871817943724719,0.0871817943724719,1.0
1570000,0.5207098,0.01378285,208.55769230769232,-0.08066669464684449,-0.08066669464684449,1.0
1580000,0.5618018,0.022686759,161.64814814814815,0.06927158324806779,0.06927158324806779,1.0
1590000,0.41423106,0.008362185,217.40816326530611,-0.018755131534167697,-0.018755131534167697,1.0
1600000,0.4892958,0.022627927,187.0392156862745,0.13756860106014737,0.13756860106014737,1.0
1610000,0.49727252,0.02067308,200.3125,-0.029951419526090223,-0.029951419526090223,1.0
1620000,0.44609553,0.030660484,210.8148148148148,-0.0533333589081411,-0.0533333589081411,1.0
1630000,0.5294176,0.040089298,178.05769230769232,0.07844228512392594,0.07844228512392594,1.0
1640000,0.49160445,0.03278688,185.58,0.026713307946920395,0.026713307946920395,1.0
1650000,0.5054128,0.02024279,226.81632653061226,-0.03956465620775612,-0.03956465620775612,1.0
1660000,0.4823172,0.027586589,188.19607843137254,0.04901304665733786,0.04901304665733786,1.0
1670000,0.49629217,0.01682035,188.44444444444446,0.04701231723582303,0.04701231723582303,1.0
1680000,0.47413605,0.015444184,245.52777777777777,-0.11626854373349084,-0.11626854373349084,1.0
1690000,0.50556564,0.024466526,203.07272727272726,-0.043975341513201045,-0.043975341513201045,1.0
1700000,0.5330179,0.023811473,215.97619047619048,-0.13768995258697245,-0.13768995258697245,1.0
1710000,0.49120158,0.024645692,216.0,-0.012601482641437779,-0.012601482641437779,1.0
1720000,0.55467755,0.0191535,189.98,0.06188664004206657,0.06188664004206657,1.0
1730000,0.45396662,0.011468493,240.95238095238096,-0.03691273253588449,-0.03691273253588449,1.0
1740000,0.46266556,0.014969222,211.58823529411765,-0.16260787260298634,-0.16260787260298634,1.0
1750000,0.5237373,0.0139084775,217.14893617021278,0.0889432281255722,0.0889432281255722,1.0
1760000,0.49449623,0.013224983,216.90243902439025,0.06851216260252929,0.06851216260252929,1.0
1770000,0.512168,0.020721395,215.0,0.04140132969739486,0.04140132969739486,1.0
1780000,0.45812666,0.02006661,191.69387755102042,0.015379971116781235,0.015379971116781235,1.0
1790000,0.4806795,0.016866961,192.5185185185185,-0.0481111386583911,-0.0481111386583911,1.0
1800000,0.46805337,0.005938772,242.78048780487805,-0.21260979280966083,-0.21260979280966083,1.0
1810000,0.435105,0.006579613,215.2391304347826,0.03458692263001981,0.03458692263001981,1.0
1820000,0.4727402,0.012329476,215.44444444444446,0.0617802788249471,0.0617802788249471,1.0
1830000,0.42566034,0.023299009,211.0204081632653,0.06312242104690902,0.06312242104690902,1.0
1840000,0.49767882,0.03418031,176.73333333333332,-0.005120245770352786,-0.005120245770352786,1.0
1850000,0.49018353,0.035115905,192.3,-0.0826666960120201,-0.0826666960120201,1.0
1860000,0.40204993,0.012254854,177.5,0.13978664234280586,0.13978664234280586,1.0
1870000,0.4113967,0.0011902925,223.6304347826087,-0.13195038935605516,-0.13195038935605516,1.0
1880000,0.4350964,0.006985694,222.32,-0.10218058728302519,-0.10218058728302519,1.0
1890000,0.41080526,0.0036932637,218.375,0.062158700610910146,0.062158700610910146,1.0
1900000,0.41713765,0.010309728,196.76470588235293,-0.03244233675874197,-0.03244233675874197,1.0
1910000,0.35605103,0.008689358,266.9,-0.35673337057232857,-0.35673337057232857,1.0
1920000,0.46923158,0.017694708,188.21153846153845,0.04078202393765633,0.04078202393765633,1.0
1930000,0.48859313,0.018097939,177.7962962962963,0.101734543564143,0.101734543564143,1.0
1940000,0.41159505,0.018003292,197.24528301886792,0.03744651335027983,0.03744651335027983,1.0
1950000,0.41475004,0.028495066,208.0,-0.08250357416716028,-0.08250357416716028,1.0
1960000,0.45418453,0.037191235,156.9016393442623,0.0363386895868086,0.0363386895868086,1.0
1970000,0.47572267,0.032275993,141.3661971830986,0.10031923273919334,0.10031923273919334,1.0
1980000,0.43142143,0.021120982,187.8490566037736,-0.04940254606728284,-0.04940254606728284,1.0
1990000,0.4834043,0.024002895,153.71641791044777,0.08510445636599812,0.08510445636599812,1.0
2000000,0.37105158,0.014284569,190.12,-0.08198642061681163,-0.08198642061681163,1.0
2010000,0.4316727,0.017184157,178.57627118644066,-0.024716698626677195,-0.024716698626677195,1.0
2020000,0.45640105,0.012050569,165.66037735849056,0.06404484980381452,0.06404484980381452,1.0
2030000,0.43766657,0.021864908,194.9811320754717,0.04505552848180135,0.04505552848180135,1.0
2040000,0.32578278,0.02140317,209.33333333333334,-0.0387778114941385,-0.0387778114941385,1.0
2050000,0.31552994,0.02293386,193.55555555555554,-0.08540126570948849,-0.08540126570948849,1.0
2060000,0.3357075,0.024672588,191.97916666666666,-0.054965307315190635,-0.054965307315190635,1.0
2070000,0.42207345,0.026332494,181.83050847457628,0.059413768607994605,0.059413768607994605,1.0
2080000,0.34113556,0.02081221,210.46808510638297,-0.11052780877798796,-0.11052780877798796,1.0
2090000,0.38441795,0.024515167,192.87272727272727,0.05053330510854721,0.05053330510854721,1.0
2100000,0.32609788,0.023015335,194.7111111111111,-0.013962992197937436,-0.013962992197937436,1.0
2110000,0.309774,0.015489469,249.15384615384616,-0.20121370943693015,-0.20121370943693015,1.0
2120000,0.3275343,0.025090093,227.4,-0.07671215063468977,-0.07671215063468977,1.0
2130000,0.30536914,0.012778879,244.77272727272728,-0.23007411261399588,-0.23007411261399588,1.0
2140000,0.23528981,-0.0002956191,227.53846153846155,-0.07847012426608647,-0.07847012426608647,1.0
2150000,0.33720574,0.01026854,214.3469387755102,-0.10533336751783888,-0.10533336751783888,1.0
2160000,0.2984847,0.0074313832,206.3846153846154,-0.08671798127201888,-0.08671798127201888,1.0
2170000,0.3039956,0.002207552,255.52941176470588,-0.36320004143885204,-0.36320004143885204,1.0
2180000,0.31050333,-0.0018714416,226.82608695652175,-0.04177781326903237,-0.04177781326903237,1.0
2190000,0.34544683,0.0051894807,175.80327868852459,0.12074314204395795,0.12074314204395795,1.0
2200000,0.27485546,-0.0022658417,179.97916666666666,-0.03293753104905287,-0.03293753104905287,1.0
2210000,0.29407868,0.004357743,227.8409090909091,-0.10411367379128933,-0.10411367379128933,1.0
2220000,0.2985609,0.010073794,197.05357142857142,-0.05770763532634367,-0.05770763532634367,1.0
2230000,0.31178552,0.0133640915,196.54347826086956,-0.04546379557122355,-0.04546379557122355,1.0
2240000,0.2874352,0.014150214,241.8372093023256,-0.27238763331673865,-0.27238763331673865,1.0
2250000,0.25785115,0.010375938,229.2608695652174,-0.17188640023497018,-0.17188640023497018,1.0
2260000,0.29171616,0.010270769,211.67441860465115,-0.08310609073801474,-0.08310609073801474,1.0
2270000,0.25560945,0.0056089913,221.33333333333334,-0.16860166246571193,-0.16860166246571193,1.0
2280000,0.32947946,-0.001440326,198.59574468085106,-0.13263464633088845,-0.13263464633088845,1.0
2290000,0.2941672,0.0028352947,206.12,-0.11238098357404981,-0.11238098357404981,1.0
2300000,0.27043793,-0.005459077,213.17021276595744,-0.08183691175060069,-0.08183691175060069,1.0
2310000,0.29310188,0.005354343,173.14285714285714,-0.04081874379986211,-0.04081874379986211,1.0
2320000,0.21711743,0.0049220114,254.73170731707316,-0.29008337315171956,-0.29008337315171956,1.0
2330000,0.27292463,0.009606826,197.48936170212767,0.01329075037798983,0.01329075037798983,1.0
2340000,0.31126076,0.011091108,197.53846153846155,0.07630814611911774,0.07630814611911774,1.0
2350000,0.30511737,0.009335779,209.45098039215685,-0.024660031050443648,-0.024660031050443648,1.0
2360000,0.3750953,0.02116083,177.94545454545454,0.09229088032787497,0.09229088032787497,1.0
2370000,0.34586617,0.01411861,221.35,-0.07366669614140581,-0.07366669614140581,1.0
2380000,0.31911916,0.012389558,243.2439024390244,-0.18433336659175595,-0.18433336659175595,1.0
2390000,0.36092034,0.02241157,177.89830508474577,0.008384147690514387,0.008384147690514387,1.0
2400000,0.35858637,0.01888424,209.16,-0.08848670244216919,-0.08848670244216919,1.0
2410000,0.29045895,0.015173794,165.89830508474577,0.014350541706742912,0.014350541706742912,1.0
2420000,0.29228753,0.00057397305,235.52272727272728,-0.19681485295295714,-0.19681485295295714,1.0
2430000,0.28979498,0.006879496,218.97619047619048,-0.09531748844754129,-0.09531748844754129,1.0
2440000,0.37005463,0.021142708,176.80645161290323,0.07522040521425585,0.07522040521425585,1.0
2450000,0.35153547,0.014247307,182.18867924528303,-0.03806921544502366,-0.03806921544502366,1.0
2460000,0.29801172,0.015355419,164.2089552238806,-0.05242291115113159,-0.05242291115113159,1.0
2470000,0.34286144,0.008252733,151.65079365079364,0.11609137202462842,0.11609137202462842,1.0
2480000,0.32383126,0.004809866,179.08163265306123,-0.025333363115787506,-0.025333363115787506,1.0
2490000,0.30233473,-0.008170153,182.5,0.005618150667710738,0.005618150667710738,1.0
2500000,0.2988727,0.006859394,167.70689655172413,0.019172390473300015,0.019172390473300015,1.0
2510000,0.29758206,-0.0006651698,211.52173913043478,0.014751739007361393,0.014751739007361393,1.0
2520000,0.30354154,0.015774174,177.72131147540983,0.06692219451069832,0.06692219451069832,1.0
2530000,0.2916199,0.015540874,190.84615384615384,0.036540852402741054,0.036540852402741054,1.0
2540000,0.2222322,-0.0011992655,234.89743589743588,-0.09568424405235994,-0.09568424405235994,1.0
2550000,0.28821403,0.013923631,185.85185185185185,0.018882690480461827,0.018882690480461827,1.0
2560000,0.29452166,0.013784445,178.7017543859649,0.09172411429984816,0.09172411429984816,1.0
2570000,0.2709455,0.012156989,188.9056603773585,0.022301251355272073,0.022301251355272073,1.0
2580000,0.2752894,0.012517818,208.9795918367347,-0.007455813489398178,-0.007455813489398178,1.0
2590000,0.2451694,0.026405416,195.22448979591837,-0.009462615361019057,-0.009462615361019057,1.0
2600000,0.27248323,0.02149798,190.79166666666666,-0.13732656790893905,-0.13732656790893905,1.0
2610000,0.27415216,0.01896313,227.08163265306123,-0.10971531209846337,-0.10971531209846337,1.0
2620000,0.26082984,0.018237868,180.54166666666666,-0.09875513081039701,-0.09875513081039701,1.0
2630000,0.27173433,0.00095021643,196.5818181818182,-0.04489509043870149,-0.04489509043870149,1.0
2640000,0.26961577,0.00028829917,212.91666666666666,-0.017888923320505352,-0.017888923320505352,1.0
2650000,0.25768813,0.002648611,222.0,-0.3057971400735171,-0.3057971400735171,1.0
2660000,0.2309568,0.00013083842,196.64,-0.058307224190702625,-0.058307224190702625,1.0
2670000,0.22948697,-0.011169312,211.04347826086956,-0.0202174235297286,-0.0202174235297286,1.0
2680000,0.28704515,0.004166806,163.5,0.11976764994588765,0.11976764994588765,1.0
2690000,0.31158936,0.02371744,165.70689655172413,0.05780699090999469,0.05780699090999469,1.0
2700000,0.30476075,0.024208682,165.03636363636363,0.06999997368880681,0.06999997368880681,1.0
2710000,0.30272838,0.024950951,176.38709677419354,0.07608599167677664,0.07608599167677664,1.0
2720000,0.31706998,0.02669276,156.8,0.1462777517735958,0.1462777517735958,1.0
2730000,0.29363748,0.01627037,217.6153846153846,-0.05085900898736257,-0.05085900898736257,1.0
2740000,0.26546755,0.020029405,190.53488372093022,-0.034705456606177396,-0.034705456606177396,1.0
2750000,0.30455294,0.01679972,201.05555555555554,-0.0524402842769083,-0.0524402842769083,1.0
2760000,0.22312437,0.007456636,229.2051282051282,-0.25589170176535847,-0.25589170176535847,1.0
2770000,0.30130607,0.011001582,194.46,-0.1651533630490303,-0.1651533630490303,1.0
2780000,0.23581026,0.004877605,228.58,-0.18138670548796654,-0.18138670548796654,1.0
2790000,0.22349772,-0.008284153,215.66666666666666,-0.1404741088549296,-0.1404741088549296,1.0
2800000,0.2133885,-0.013298808,214.6086956521739,-0.051202932129735534,-0.051202932129735534,1.0
2810000,0.26125553,0.007750032,163.91228070175438,0.14397658446901723,0.14397658446901723,1.0
2820000,0.29615772,0.010846796,210.77551020408163,-0.09730615649296313,-0.09730615649296313,1.0
2830000,0.27146745,0.013826252,203.0612244897959,-0.014544242498826007,-0.014544242498826007,1.0
2840000,0.27339697,0.0147812255,207.08510638297872,-0.048397195148975294,-0.048397195148975294,1.0
2850000,0.24028994,0.012120861,234.6086956521739,-0.002088925904697842,-0.002088925904697842,1.0
2860000,0.28262997,0.029356474,171.4909090909091,-0.0028424556959759104,-0.0028424556959759104,1.0
2870000,0.24621718,0.019817766,187.9245283018868,-0.04995600569922969,-0.04995600569922969,1.0
2880000,0.27725133,0.02772852,189.3,0.0025332987308502196,0.0025332987308502196,1.0
2890000,0.26179904,0.014382586,186.52631578947367,-0.016172443869812734,-0.016172443869812734,1.0
2900000,0.28290617,0.02710312,178.46,0.10693330645561218,0.10693330645561218,1.0
2910000,0.2801734,0.017166084,199.82692307692307,-0.1652692646647875,-0.1652692646647875,1.0
2920000,0.28416386,0.013832825,175.5084745762712,0.14778732791029173,0.14778732791029173,1.0
2930000,0.27186906,0.020227503,154.94736842105263,0.09378733408862147,0.09378733408862147,1.0
2940000,0.30978256,0.028007003,199.38983050847457,0.1129039293628628,0.1129039293628628,1.0
2950000,0.2751208,0.02437059,153.296875,0.21866143448278308,0.21866143448278308,1.0
2960000,0.28467205,0.025810814,179.34,-0.010869306676528034,-0.010869306676528034,1.0
2970000,0.29089293,0.028899994,179.35,0.06553669501159151,0.06553669501159151,1.0
2980000,0.23834482,0.018972127,147.8135593220339,-0.04750002498428027,-0.04750002498428027,1.0
2990000,0.23924573,0.022777349,180.24137931034483,0.07878158241510391,0.07878158241510391,1.0
3000000,0.2486301,0.016737327,162.52727272727273,0.04960603077303279,0.04960603077303279,1.0
3010000,0.22015497,-0.00013841833,258.7674418604651,-0.30170546853265096,-0.30170546853265096,1.0
3020000,0.24322674,0.012380036,177.17857142857142,-0.02713452946198614,-0.02713452946198614,1.0
3030000,0.26701978,0.0113251,156.83076923076922,0.060808711853183685,0.060808711853183685,1.0
3040000,0.24320216,0.0121341245,210.12765957446808,-0.1368800327181816,-0.1368800327181816,1.0
3050000,0.24487525,0.010524067,190.11764705882354,-0.030666690977180704,-0.030666690977180704,1.0
3060000,0.23578049,0.009493141,169.859649122807,0.04769537238211467,0.04769537238211467,1.0
3070000,0.23311043,0.012985813,161.81967213114754,0.09725552884240946,0.09725552884240946,1.0
3080000,0.20089328,0.008586952,164.67796610169492,0.0462610837072134,0.0462610837072134,1.0
3090000,0.22328405,0.00818375,206.64583333333334,-0.12809031161790094,-0.12809031161790094,1.0
3100000,0.22116485,0.007506843,173.92307692307693,0.05012176730311834,0.05012176730311834,1.0
3110000,0.23691554,0.014978469,185.50819672131146,0.03798886053264141,0.03798886053264141,1.0
3120000,0.25638476,0.020018762,198.42857142857142,0.16050385008024615,0.16050385008024615,1.0
3130000,0.25341436,0.021894714,207.7719298245614,-0.16834506000343122,-0.16834506000343122,1.0
3140000,0.2661407,0.019597506,174.9245283018868,0.003967921607769453,0.003967921607769453,1.0
3150000,0.22995447,0.021159234,185.33928571428572,0.011801146362957201,0.011801146362957201,1.0
3160000,0.2509936,0.0138077885,195.72,-0.007102073151238111,-0.007102073151238111,1.0
3170000,0.25957584,0.018172657,170.63793103448276,0.07133905384047277,0.07133905384047277,1.0
3180000,0.23008746,0.016173137,224.3111111111111,-0.09507974512551141,-0.09507974512551141,1.0
3190000,0.26007417,0.025785677,163.37037037037038,0.06945059462277978,0.06945059462277978,1.0
3200000,0.20863675,0.014768082,198.04,-0.062273362278938295,-0.062273362278938295,1.0
3210000,0.20831792,0.011257055,215.21153846153845,-0.0365098413883471,-0.0365098413883471,1.0
3220000,0.22354513,0.01565242,207.91489361702128,-0.035138918397327266,-0.035138918397327266,1.0
3230000,0.23003879,0.02115233,171.53333333333333,0.08510552321871122,0.08510552321871122,1.0
3240000,0.22704348,0.025757944,151.984375,0.1239687231136486,0.1239687231136486,1.0
3250000,0.2151563,0.016234085,186.47169811320754,0.046897403752574555,0.046897403752574555,1.0
3260000,0.2507032,0.024987765,174.0,0.026225959850569903,0.026225959850569903,1.0
3270000,0.251403,0.016214048,166.80357142857142,0.012479503818771295,0.012479503818771295,1.0
3280000,0.21614835,0.009935498,212.26190476190476,-0.13657939913017408,-0.13657939913017408,1.0
3290000,0.21563461,0.010920531,195.8,0.018547993342755205,0.018547993342755205,1.0
3300000,0.21488266,0.009102113,175.75471698113208,0.09670437675602031,0.09670437675602031,1.0
3310000,0.19800544,0.016633619,214.9591836734694,-0.11293880915155216,-0.11293880915155216,1.0
3320000,0.21748656,0.022723483,169.27272727272728,0.011793911863457072,0.011793911863457072,1.0
3330000,0.21573165,0.015925499,168.05263157894737,-0.11810347630546011,-0.11810347630546011,1.0
3340000,0.15946834,0.0076853405,192.59615384615384,-0.0027692634612321854,-0.0027692634612321854,1.0
3350000,0.20883983,0.0071844743,193.0754716981132,0.09717945510951373,0.09717945510951373,1.0
3360000,0.2279067,0.008970237,187.11764705882354,0.07201304418199203,0.07201304418199203,1.0
3370000,0.2263083,0.014256225,180.03333333333333,0.06373767457047447,0.06373767457047447,1.0
3380000,0.20225804,0.00613193,203.11363636363637,0.042108500073122425,0.042108500073122425,1.0
3390000,0.19927114,0.011384874,201.28301886792454,-0.06169185590631557,-0.06169185590631557,1.0
3400000,0.17662892,0.0029450115,246.47368421052633,-0.22700880526712067,-0.22700880526712067,1.0
3410000,0.17643796,-0.00065754453,185.0185185185185,-0.0417212418534539,-0.0417212418534539,1.0
3420000,0.20133151,0.014178735,183.75806451612902,-0.008091431111097336,-0.008091431111097336,1.0
3430000,0.18383192,0.017567482,159.63793103448276,0.2201896253330954,0.2201896253330954,1.0
3440000,0.19006893,0.017796349,220.92105263157896,-0.026368456059380582,-0.026368456059380582,1.0
3450000,0.20028682,0.024650501,187.32758620689654,0.03545973835320308,0.03545973835320308,1.0
3460000,0.15322062,0.005585513,218.95652173913044,-0.15697781278027428,-0.15697781278027428,1.0
3470000,0.18920772,0.019777093,197.0,0.024191323943712092,0.024191323943712092,1.0
3480000,0.19941616,0.021276154,177.63793103448276,-0.04167818830444895,-0.04167818830444895,1.0
3490000,0.21342625,0.01666421,196.27083333333334,-0.015680585522204638,-0.015680585522204638,1.0
3500000,0.19087377,0.011855917,175.51724137931035,0.038413765101597226,0.038413765101597226,1.0
3510000,0.19968006,0.018328749,167.30645161290323,0.023220402819495046,0.023220402819495046,1.0
3520000,0.20331995,0.012390015,159.1578947368421,0.13651188063834394,0.13651188063834394,1.0
3530000,0.22064586,0.014393996,178.84126984126985,-0.06614817702581012,-0.06614817702581012,1.0
3540000,0.22349492,0.021591943,170.58490566037736,-0.04311323179951254,-0.04311323179951254,1.0
3550000,0.1825363,0.004987872,203.5,-0.02053491459336392,-0.02053491459336392,1.0
3560000,0.21014027,0.0051383134,193.37254901960785,-0.096817024928682,-0.096817024928682,1.0
3570000,0.2281406,0.01471982,161.5151515151515,-0.023892332728092488,-0.023892332728092488,1.0
3580000,0.17989488,0.0026110925,257.44736842105266,-0.27264038983144256,-0.27264038983144256,1.0
3590000,0.1786563,0.0027160714,209.85416666666666,-0.14612928458622523,-0.14612928458622523,1.0
3600000,0.18947402,-0.0040076524,241.97674418604652,-0.10703178353252865,-0.10703178353252865,1.0
3610000,0.18723726,0.0033453729,206.45238095238096,-0.05770545435506244,-0.05770545435506244,1.0
3620000,0.22389404,0.018855575,204.43396226415095,-0.1148013137280941,-0.1148013137280941,1.0
3630000,0.2330678,0.013065741,178.76363636363635,-0.06042426987127824,-0.06042426987127824,1.0
3640000,0.2344957,0.005230206,215.125,-0.08624493345922353,-0.08624493345922353,1.0
3650000,0.18187426,0.00056632183,235.55555555555554,0.06329542432319034,0.06329542432319034,1.0
3660000,0.2017856,0.0067361896,191.46938775510205,0.002928074084076227,0.002928074084076227,1.0
3670000,0.21487124,0.009480392,188.20754716981133,-0.12469875182096775,-0.12469875182096775,1.0
3680000,0.18593845,0.018565334,177.73214285714286,-0.08759652274219613,-0.08759652274219613,1.0
3690000,0.15798631,0.0028145404,235.64285714285714,-0.1762778131025178,-0.1762778131025178,1.0
3700000,0.17130129,-0.0038507811,211.30434782608697,-0.16340003559986752,-0.16340003559986752,1.0
3710000,0.18001373,0.0023335263,189.26666666666668,-0.0029858431600509805,-0.0029858431600509805,1.0
3720000,0.21305385,0.0059338217,193.29310344827587,-0.026431062868956863,-0.026431062868956863,1.0
3730000,0.18036404,0.00046591638,199.52083333333334,-0.09880955471676223,-0.09880955471676223,1.0
3740000,0.18679851,0.002994447,190.6315789473684,-0.05414288930062737,-0.05414288930062737,1.0
3750000,0.19526614,0.008751589,167.32692307692307,0.19008971793720356,0.19008971793720356,1.0
3760000,0.1692499,0.0056326394,209.95652173913044,0.020496424049773115,0.020496424049773115,1.0
3770000,0.1884309,-0.0023838198,184.109375,0.04152774885296821,0.04152774885296821,1.0
3780000,0.18680304,0.016117336,157.07407407407408,0.08899997277506466,0.08899997277506466,1.0
3790000,0.16064976,0.013833877,189.01724137931035,0.04211107948247124,0.04211107948247124,1.0
3800000,0.15648142,0.0022289767,252.27027027027026,-0.23334094509482384,-0.23334094509482384,1.0
3810000,0.19660091,0.015563438,179.3090909090909,-0.062442456863143224,-0.062442456863143224,1.0
3820000,0.20274945,0.016153514,196.5438596491228,0.025988278420347916,0.025988278420347916,1.0
3830000,0.2013825,0.013228823,202.22727272727272,0.019511593115884206,0.019511593115884206,1.0
3840000,0.1455248,0.011680931,191.98039215686273,0.1305555317039583,0.1305555317039583,1.0
3850000,0.17866564,0.0117154615,183.08,-0.03577127176172593,-0.03577127176172593,1.0
3860000,0.17658862,0.01404224,218.55102040816325,-0.06560003489255906,-0.06560003489255906,1.0
3870000,0.17746544,0.02256123,231.9512195121951,-0.009571463224433717,-0.009571463224433717,1.0
3880000,0.18097682,0.014961533,181.68333333333334,-0.02526114583015442,-0.02526114583015442,1.0
3890000,0.1770245,0.012336787,227.61363636363637,-0.08501518314534967,-0.08501518314534967,1.0
3900000,0.15629227,0.0012638965,198.54166666666666,-0.1531844289695963,-0.1531844289695963,1.0
3910000,0.15005216,-0.000758516,211.45652173913044,-0.14123407355014314,-0.14123407355014314,1.0
3920000,0.17211042,0.0060712257,185.19230769230768,-0.03021156730560156,-0.03021156730560156,1.0
3930000,0.1840395,0.012645436,156.05714285714285,0.1078115720031918,0.1078115720031918,1.0
3940000,0.1994719,0.011641734,217.04761904761904,-0.07070546025453611,-0.07070546025453611,1.0
3950000,0.18530664,0.018975327,156.0,0.16689781988820723,0.16689781988820723,1.0
3960000,0.16228192,0.013279673,164.5593220338983,0.053700539393950315,0.053700539393950315,1.0
3970000,0.18343642,0.018942466,199.50877192982455,0.04007735502507005,0.04007735502507005,1.0
3980000,0.23130491,0.028278438,175.48076923076923,0.18642764988372912,0.18642764988372912,1.0
3990000,0.2058611,0.023734175,144.70422535211267,0.10339812230732706,0.10339812230732706,1.0
4000000,0.1595163,0.02237031,198.9777777777778,-0.0936288179999048,-0.0936288179999048,1.0
4010000,0.19159637,0.02349601,179.76666666666668,-0.08663891640802225,-0.08663891640802225,1.0
4020000,0.20127973,0.022820665,177.1509433962264,0.04680244321072543,0.04680244321072543,1.0
4030000,0.17638567,0.014432844,164.40983606557376,0.021427747358878455,0.021427747358878455,1.0
4040000,0.17979313,0.015821084,185.7719298245614,0.012321606539843375,0.012321606539843375,1.0
4050000,0.20103098,0.017429601,176.16666666666666,0.1280061421846902,0.1280061421846902,1.0
4060000,0.17106298,0.011560728,191.08474576271186,-0.12364410141767082,-0.12364410141767082,1.0
4070000,0.17097005,0.019203698,152.0677966101695,0.1780444168796142,0.1780444168796142,1.0
4080000,0.18257985,0.023602858,166.93333333333334,0.09427219654122988,0.09427219654122988,1.0
4090000,0.2060458,0.03344013,150.8548387096774,0.07287975986961459,0.07287975986961459,1.0
4100000,0.18789366,0.029502675,154.63768115942028,0.05849997848272324,0.05849997848272324,1.0
4110000,0.16738959,0.019577054,191.47727272727272,-0.08236366662789475,-0.08236366662789475,1.0
4120000,0.18988684,0.030576995,141.22972972972974,0.11590219755967458,0.11590219755967458,1.0
4130000,0.14527613,0.013442782,198.56,-0.03338003665208816,-0.03338003665208816,1.0
4140000,0.18440285,0.02599666,150.8450704225352,0.09732854291796685,0.09732854291796685,1.0
4150000,0.18672676,0.026636124,149.56060606060606,0.13789896712158667,0.13789896712158667,1.0
4160000,0.1853989,0.021085821,191.64583333333334,-0.07155785420719459,-0.07155785420719459,1.0
4170000,0.13519175,0.012523334,221.24444444444444,-0.09839262846443388,-0.09839262846443388,1.0
4180000,0.1741501,0.023415662,185.66666666666666,0.010787847096269782,0.010787847096269782,1.0
4190000,0.18863204,0.0331425,157.92592592592592,0.13344825277554578,0.13344825277554578,1.0
4200000,0.17201515,0.020649057,164.7846153846154,0.05044612930371211,0.05044612930371211,1.0
4210000,0.17785044,0.019230684,169.03773584905662,-0.002376569503987277,-0.002376569503987277,1.0
4220000,0.18381977,0.01603501,176.56451612903226,0.06515844459416437,0.06515844459416437,1.0
4230000,0.16276546,0.012062059,217.6818181818182,-0.011545485562898895,-0.011545485562898895,1.0
4240000,0.15744764,0.013240895,184.56,0.08807840388195187,0.08807840388195187,1.0
4250000,0.18810269,0.024434952,172.58333333333334,-0.026480902535993545,-0.026480902535993545,1.0
4260000,0.16277371,0.016046194,183.30357142857142,0.06938179189508611,0.06938179189508611,1.0
4270000,0.14404774,0.015158038,158.328125,0.024102538938705738,0.024102538938705738,1.0
4280000,0.15402743,0.014085923,153.72131147540983,0.09841664085785548,0.09841664085785548,1.0
4290000,0.17887013,0.0137789,171.08620689655172,-0.015683645666655848,-0.015683645666655848,1.0
4300000,0.16815072,0.010533383,216.33333333333334,-0.0213971975001883,-0.0213971975001883,1.0
4310000,0.18698925,0.02365604,183.27272727272728,0.19381544792226382,0.19381544792226382,1.0
4320000,0.17330532,0.018762194,196.0,0.012653304487466812,0.012653304487466812,1.0
4330000,0.16011864,0.014619994,201.6734693877551,-0.10093059095864494,-0.10093059095864494,1.0
4340000,0.17193532,0.02457493,141.2537313432836,0.045189029022828855,0.045189029022828855,1.0
4350000,0.17699419,0.013957926,151.52702702702703,0.0009599735339482625,0.0009599735339482625,1.0
4360000,0.17640778,0.0142680835,157.38181818181818,0.01598785086111589,0.01598785086111589,1.0
4370000,0.1697169,0.012104704,204.19230769230768,0.12410253286361694,0.12410253286361694,1.0
4380000,0.15292487,0.00808144,174.20408163265307,-0.00590974868585666,-0.00590974868585666,1.0
4390000,0.15723509,0.0023549611,211.07407407407408,-0.1207107257730556,-0.1207107257730556,1.0
4400000,0.16693226,0.02678086,171.35849056603774,-0.023387902568687093,-0.023387902568687093,1.0
4410000,0.16600901,0.013491424,193.37735849056602,0.048955944068026995,0.048955944068026995,1.0
4420000,0.16088405,0.017348137,181.0983606557377,0.13569441152115663,0.13569441152115663,1.0
4430000,0.1658777,0.01986169,149.80701754385964,0.055339157581329346,0.055339157581329346,1.0
4440000,0.14007999,0.025182372,173.6949152542373,0.19843886494636537,0.19843886494636537,1.0
4450000,0.15976678,0.020948986,188.71153846153845,0.01070510194851802,0.01070510194851802,1.0
4460000,0.18100475,0.029188335,185.88679245283018,0.10167921404793577,0.10167921404793577,1.0
4470000,0.2004058,0.034136996,162.125,0.06781768146902323,0.06781768146902323,1.0
4480000,0.1781138,0.03167843,147.47058823529412,0.034362721092560715,0.034362721092560715,1.0
4490000,0.14507683,0.023478612,147.135593220339,-0.026649741676904388,-0.026649741676904388,1.0
4500000,0.18594171,0.012690426,206.51785714285714,-0.13576193539691822,-0.13576193539691822,1.0
4510000,0.19408296,0.020737125,140.32203389830508,0.06537775198618571,0.06537775198618571,1.0
4520000,0.17822167,0.008347755,174.4375,0.12529097580247456,0.12529097580247456,1.0
4530000,0.19114928,0.010067027,171.0185185185185,0.09242421442812139,0.09242421442812139,1.0
4540000,0.1806674,0.020716963,198.01960784313727,-0.0511176735162735,-0.0511176735162735,1.0
4550000,0.17047359,0.029937236,172.52459016393442,0.053196697694356324,0.053196697694356324,1.0
4560000,0.16314726,0.01592281,189.11764705882354,0.013758142058755838,0.013758142058755838,1.0
4570000,0.16218053,0.017210504,194.37735849056602,-0.0005416908922294775,-0.0005416908922294775,1.0
4580000,0.15258746,0.012027031,178.14285714285714,-0.045388917404192465,-0.045388917404192465,1.0
4590000,0.14603642,0.003692429,229.27083333333334,-0.14013198235382637,-0.14013198235382637,1.0
4600000,0.14837228,0.01269425,166.36206896551724,-0.033795349953467384,-0.033795349953467384,1.0
4610000,0.13921726,0.01053546,170.42105263157896,0.015109168558285153,0.015109168558285153,1.0
4620000,0.15205427,0.012609633,164.9655172413793,0.19974266672343538,0.19974266672343538,1.0
4630000,0.15594089,0.010115863,212.52,-0.020526694506406783,-0.020526694506406783,1.0
4640000,0.16665298,0.03146163,162.135593220339,0.06485553060968717,0.06485553060968717,1.0
4650000,0.14525533,0.014452367,201.93333333333334,-0.16194077481826147,-0.16194077481826147,1.0
4660000,0.119098686,0.01056499,170.46666666666667,0.09215552434325218,0.09215552434325218,1.0
4670000,0.15861441,0.01591405,165.48529411764707,0.02683579376829204,0.02683579376829204,1.0
4680000,0.1596563,0.008946066,198.6086956521739,-0.027709253607912265,-0.027709253607912265,1.0
4690000,0.16556507,0.016535271,224.21153846153845,-0.018888919376859478,-0.018888919376859478,1.0
4700000,0.17105508,0.023659587,176.9,0.02716663956642151,0.02716663956642151,1.0
4710000,0.18168843,0.028591765,174.01724137931035,0.06911861618696633,0.06911861618696633,1.0
4720000,0.14473605,0.008133105,210.24444444444444,-0.17858521772755517,-0.17858521772755517,1.0
4730000,0.16862896,0.023510525,151.40677966101694,0.11235590885251255,0.11235590885251255,1.0
4740000,0.16671523,0.012913186,212.34782608695653,-0.07280437858856242,-0.07280437858856242,1.0
4750000,0.15786675,0.011517897,181.24137931034483,-0.028707630801619144,-0.028707630801619144,1.0
4760000,0.17845936,0.0168938,177.25806451612902,-0.06338627056943046,-0.06338627056943046,1.0
4770000,0.16007057,0.013927709,182.5,-0.027270471431174368,-0.027270471431174368,1.0
4780000,0.13288213,0.009580443,187.8,-0.0605617598802955,-0.0605617598802955,1.0
4790000,0.1419223,0.00011885516,196.71428571428572,-0.0650408432191732,-0.0650408432191732,1.0
4800000,0.17477626,0.006846402,171.4915254237288,-0.020822251091400783,-0.020822251091400783,1.0
4810000,0.1719942,0.016677974,176.01639344262296,-0.023111135885119437,-0.023111135885119437,1.0
4820000,0.15575705,0.01264852,179.51063829787233,0.0004096940780679385,0.0004096940780679385,1.0
4830000,0.1640901,0.007856049,182.54098360655738,0.05927865793470476,0.05927865793470476,1.0
4840000,0.16830361,0.018661873,175.67857142857142,0.14851783136171953,0.14851783136171953,1.0
4850000,0.15145619,0.016879955,183.9795918367347,0.03403997197747231,0.03403997197747231,1.0
4860000,0.13243447,0.012909035,211.6122448979592,-0.013541698455810547,-0.013541698455810547,1.0
4870000,0.11969981,0.014935034,185.20754716981133,-0.11554941452211803,-0.11554941452211803,1.0
4880000,0.14497514,0.011664694,198.6875,0.03556734355206185,0.03556734355206185,1.0
4890000,0.16003606,0.01678867,186.77358490566039,-0.08820990721384685,-0.08820990721384685,1.0
4900000,0.1414406,0.012592329,172.43076923076924,0.0410155993886292,0.0410155993886292,1.0
4910000,0.14524719,0.007536128,195.1304347826087,-0.07640280729780595,-0.07640280729780595,1.0
4920000,0.16135778,0.016219532,202.06521739130434,0.03914489548491395,0.03914489548491395,1.0
4930000,0.18402663,0.019378832,175.1846153846154,0.011453096754848957,0.011453096754848957,1.0
4940000,0.17101385,0.009684667,193.16326530612244,0.06863191351294518,0.06863191351294518,1.0
4950000,0.13289207,0.008363825,233.69230769230768,-0.08213337026536464,-0.08213337026536464,1.0
4960000,0.15326479,0.01309144,192.2295081967213,-0.04322810000494907,-0.04322810000494907,1.0
4970000,0.13345864,0.012497745,180.2608695652174,0.07830062654672884,0.07830062654672884,1.0
4980000,0.17187627,0.009424047,209.0,-0.10848369054934558,-0.10848369054934558,1.0
4990000,0.16702312,0.0125741735,169.07407407407408,0.08208022266626358,0.08208022266626358,1.0
5000000,0.14592512,0.009099741,218.50980392156862,-0.04204003274440765,-0.04204003274440765,1.0
